file,title,description,keywords,og_title,og_description
maca.md,Maçã,Guia completo para cultivo de macieiras em Portugal. Variedades, clima, plantação, poda, doenças e colheita. Tudo que precisa saber para o seu pomar.,maçã, macieira, cultivo maçã Portugal, variedades maçã, poda macieira, doenças maçã, colheita maçã, pomar maçã, Gala Fuji, árvore frutífera,Cultivo de Maçã em Portugal | Guia Completo Pomar.pt,Saiba como cultivar macieiras em Portugal. Variedades, plantação, cuidados, doenças e colheita. Guia técnico para pomares.
pera.md,Pera,Cultivo de pereiras em Portugal. Variedades recomendadas, técnicas de poda, tratamento de doenças e colheita de peras. Guia prático para produtores.,pera, pereira, cultivo pera Portugal, variedades pera, poda pereira, doenças pera, colheita pera, pomar pera, Rocha Abate, fruticultura,Cultivo de Pera - Guia Prático Pomar.pt,Tudo sobre cultivo de pereiras em Portugal. Variedades, clima, cuidados técnicos e colheita. Guia completo para pomares.
pessego.md,Pêssego,Guia técnico de cultivo de pessegueiros em Portugal. Variedades resistentes, manejo de pragas, tratamento de doenças e colheita de pêssegos frescos.,pêssego, pessegueiro, cultivo pêssego Portugal, variedades pêssego, poda pessegueiro, pragas pêssego, colheita pêssego, pomar pêssego, fruticultura,Cultivo de Pêssego em Portugal | Pomar.pt,Como cultivar pessegueiros com sucesso. Variedades nacionais, doenças, pragas e colheita. Guia técnico para produtores.
ameixa.md,Ameixa,Cultivo de ameixoeiras em Portugal. Variedades de ameixa japonesa e europeia, técnicas culturais, polinização e colheita escalonada de ameixas.,ameixa, ameixoeira, cultivo ameixa Portugal, variedades ameixa, poda ameixoeira, colheita ameixa, ameixa europeia japonesa, pomar ameixa, fruticultura,Cultivo de Ameixa - Guia Técnico Pomar.pt,Saiba como cultivar ameixoeiras em Portugal. Variedades, plantação, polinização e colheita de ameixas de qualidade.
videira.md,Videira,Cultivo de uva em Portugal. Variedades de mesa e vinho, treliçado, poda em verde, tratamento de doenças da videira e colheita de cachos de qualidade.,videira, uva, cultivo videira Portugal, variedades uva, poda videira, treliçado uva, doenças videira, vinha, vinha Portugal, colheita uva,Cultivo de Uva - Guia Completo Pomar.pt,Cultivo de videiras em Portugal. Variedades de mesa e vinho, sistemas de suporte, poda e colheita. Guia técnico completo.
laranja.md,Laranja,Cultivo de laranjeiras em Portugal. Variedades de laranja, cuidados com cítricos, doenças específicas, pragas e colheita de laranjas suculentas.,laranja, laranjeira, cultivo laranja Portugal, cítricos Portugal, variedades laranja, doenças cítricos, pragas cítricos, colheita laranja, pomar cítricos,Cultivo de Laranja - Pomar.pt,Tudo sobre cultivo de laranjeiras em Portugal. Variedades, doenças, pragas de cítricos e colheita. Guia técnico para produtores.
limao.md,Limão,Cultivo de limoeiros em Portugal. Variedades de limão, adaptação climática, rega e fertirrigação, tratamento de pragas e colheita contínua de limões.,limão, limoeiro, cultivo limão Portugal, variedades limão, cítricos Portugal, rega limoeiro, doenças limoeiro, pomar cítricos, colheita limão,Cultivo de Limão em Portugal | Pomar.pt,Cultive limoeiros com sucesso. Variedades, rega, nutrição, pragas e doenças. Guia técnico para cítricos em Portugal.
mirtilo.md,Mirtilo,Cultivo de mirtileiros em Portugal. Acidez do solo, variedades americanas, manejo da humidade, pragas e colheita escalonada de mirtilos de qualidade.,mirtilo, mirtileiro, cultivo mirtilo Portugal, acidez solo mirtilo, variedades mirtilo, colheita mirtilo, blueberry, frutas silvestres, pomar,Cultivo de Mirtilo - Guia Prático Pomar.pt,Como cultivar mirtileiros em Portugal. Acidez do solo, variedades, cuidados e colheita contínua de mirtilos frescos.
framboesa.md,Framboesa,Cultivo de framboeseiras em Portugal. Sistemas de treliçado, poda de ramos, tratamento de pragas específicas e colheita contínua de framboesas.,framboesa, framboeseira, cultivo framboesa Portugal, variedades framboesa, poda framboeseira, treliçado framboesa, colheita framboesa, frutas vermelhas,Cultivo de Framboesa | Guia Técnico Pomar.pt,Saiba como cultivar framboeseiras. Sistemas de suporte, poda, pragas e colheita escalonada. Guia completo para Portugal.
morango.md,Morango,Cultivo de morangos em Portugal. Variedades neutras, sistemas de produção, irrigação automatizada e colheita escalonada durante todo o ano.,morango, cultivo morango Portugal, variedades morango, morango dia neutro, irrigação morango, colheita morango, pomar morango, frutas vermelhas Portugal,Cultivo de Morango - Pomar.pt,Cultive morangos em Portugal. Variedades, sistemas de rega, cuidados técnicos e colheita contínua. Guia para produtores.
plantacao.md,Plantação e Estabelecimento,Guia prático de plantação de árvores frutíferas em Portugal. Seleção do local, preparação do solo, técnica de plantação e cuidados do primeiro ano.,plantação árvores frutíferas, preparação solo, técnica plantação, seleção local pomar, drenagem solo, rega primeiro ano, pomar novo, Portugal,Plantação de Árvores Frutíferas - Pomar.pt,Como plantar corretamente árvores de fruto em Portugal. Local, solo, técnica e cuidados do primeiro ano. Guia passo-a-passo.
podas.md,Podas e Formação,Técnicas de poda para árvores frutíferas em Portugal. Formação de copa, poda de frutificação, poda verde, épocas e ferramentas recomendadas.,poda árvores frutíferas, formação copa, poda frutificação, poda verde, época poda, ferramentas poda, tesoura poda, guia poda Portugal,Podas e Formação - Guia Técnico Pomar.pt,Técnicas completas de poda para pomares. Formação, frutificação, verde e épocas. Saiba quando e como podar corretamente.
adubacao.md,Adubação e Nutrição,Programa de adubação para pomares em Portugal. Necessidades nutricionais por espécie, adubo orgânico e mineral, análise foliar e fertirrigação.,adubação pomares, programa nutrição, adubação árvores frutíferas, análise foliar, adubo orgânico, fertirrigação, nutrição plantas, Portugal,Adubação e Nutrição - Pomar.pt,Programa completo de adubação para pomares. Nutrientes, tipos de adubo e aplicação. Guia técnico para máxima produção.
enxertos.md,Enxertos e Propagação,Técnicas de enxertia em árvores frutíferas. Porta-enxertos recomendados para Portugal, épocas de enxerto, métodos e cuidados pós-enxertia.,enxertia árvores frutíferas, porta-enxertos, métodos enxerto, época enxerto, propagação plantas, enxerto lateral, enxerto topo, Portugal,Enxertos e Propagação - Guia Pomar.pt,Aprenda técnicas de enxertia para árvores frutíferas. Porta-enxertos, épocas, métodos e cuidados. Guia técnico completo.
doencas.md,Doenças e Pragas,Principais doenças e pragas em pomares portugueses. Identificação, ciclos de vida, tratamento orgânico e convencional com fungicidas e inseticidas.,doenças pomares, pragas árvores frutíferas, tratamento orgânico, fungicida inseticida, identificação pragas, controle biológico, Portugal,Doenças e Pragas - Pomar.pt,Identifique e controle doenças e pragas em pomares. Tratamentos orgânicos e convencionais. Guia técnico para proteção das culturas.
colheita.md,Colheita e Pós-colheita,Épocas de colheita por espécie em Portugal. Técnicas de colheita, armazenamento, conservação e comercialização de frutos de qualidade.,colheita frutos, época colheita, armazenamento frutos, conservação pós-colheita, comercialização frutos, qualidade frutos, Portugal,Colheita e Pós-colheita | Pomar.pt,Guia de colheita para todas as espécies. Épocas, técnicas, armazenamento e conservação. Maximize a qualidade dos seus frutos.
ferramentas.md,Ferramentas e Equipamentos,Ferramentas e equipamentos essenciais para pomares em Portugal. Tesouras, serras, pulverizadores, sistemas de rega e manutenção de ferramentas.,ferramentas pomar, tesoura poda, serra fruticultura, pulverizador, sistema rega, equipamentos pomar, manutenção ferramentas, Portugal,Ferramentas e Equipamentos - Pomar.pt,Ferramentas essenciais para pomares. Seleção, uso e manutenção de tesouras, serras, pulverizadores e sistemas de rega.
glossario.md,Glossário Técnico,Dicionário técnico de fruticultura em português. Definições de termos agrícolas, fenológicos e técnicos específicos de pomares e árvores frutíferas.,glossário fruticultura, termos técnicos agricultura, dicionário pomares, fenologia plantas, vocabulário agrícola, termos fruticultura, Portugal,Glossário Técnico | Pomar.pt,Dicionário de termos técnicos em fruticultura. Definições de conceitos agrícolas específicos para pomares em português.
recursos.md,Recursos Úteis,Links, contactos e recursos úteis para produtores de fruta em Portugal. Entidades reguladoras, escolas agrícolas, fornecedores e associações.,recursos fruticultura, contactos agricultores, entidades agrícolas Portugal, fornecedores pomares, escolas agrícolas, associações fruticultores,Recursos Úteis - Pomar.pt,Recursos essenciais para fruticultores. Contactos, entidades reguladoras, escolas agrícolas e fornecedores em Portugal.
README.md,Pomar.pt - Guia Completo,Pomar.pt - Guia completo de fruticultura em Portugal. 10 espécies, 6 práticas essenciais e informação técnica detalhada para pomares profissionais.,fruticultura Portugal, cultivo árvores fruto, pomar Portugal, guia fruticultura, técnicas pomares, frutas Portugal, agricultura familiar,Pomar.pt - Fruticultura em Portugal,Guia técnico completo de fruticultura em Portugal. 10 espécies, 6 práticas essenciais e recursos para pomares profissionais e familiares.
